Date,Time,Battery_percent,BatteryVoltage_V,Estimate,Event,Duration,Sensors,GPS,Notes
2026-03-24,12:52,100,,19,Charged,,,,
2026-03-24,13:22,98,,20,Pool Swim,26:33,"HRM Pro, Tempe","Off",
2026-03-24,14:32,98,,20,,,,,
2026-03-24,18:35,96,,18,,,,,
2026-03-25,06:11,92,,17,,,,,
2026-03-25,07:11,92,,17,Track Run,34:53,"H10, Styrd, Tempe","All systems Multi-band",
2026-03-25,07:12,92,4.307,17,,,,,
2025-03-25,07:17,91,4.300,17,,,,,
2025-03-25,07:22,91,4.290,17,,,,,
2025-03-25,07:27,91,4.287,17,,,,,
2025-03-25,07:32,90,4.280,17,,,,,
2025-03-25,07:37,90,4.278,17,,,,,
2025-03-25,07:42,89,4.274,17,,,,,
2026-03-25,07:47,89,,17,,,,,
2026-03-25,10:00,88,,17,,,,,
2026-03-25,12:47,88,,17,,,,,
2026-03-25,13:19,88,,17,Indoor Cardio,52:07,"H10, Tempe","Off",
2026-03-25,14:17,85,,16,,,,,
2026-03-25,16:00,84,,16,,,,,
2026-03-25,17:00,84,,16,,,,,
2026-03-25,17:50,84,,16,,,,,
2026-03-25,21:58,81,,15,,,,,
2026-03-26,05:20,79,,15,,,,,
2026-03-26,05:22,79,,15,Run,41:49,"H10, Styrd, Tempe","All system Multi-band",
2026-03-26,05:27,78,4.146,,,,,,
2026-03-26,05:32,78,4.137,,,,,,
2026-03-26,05:37,77,4.125,,,,,,
2026-03-26,05:42,77,4.120,,,,,,
2026-03-26,05:47,76,4.111,,,,,,
2026-03-26,05:52,76,4.105,,,,,,
2026-03-26,05:57,75,4.099,,,,,,
2026-03-26,06:02,74,3.993,,,,,,
2026-03-26,06:04,74,,14,,,,,
2026-03-26,06:40,74,,14,,,,,
2026-03-26,08:59,73,,14,,,,,
2026-03-26,10:25,73,,14,,,,,
2026-03-26,13:13,72,,14,,,,,
2026-03-26,13:39,72,,14,Pool Swim,26:53,"HRM Pro, Tempe","Off",
2026-03-26,13:42,72,4.089,,,,,,
2026-03-26,13:52,71,4.080,,,,,,
2026-03-26,13:57,71,4.078,,,,,,
2026-03-26,14:02,71,4.078,,,,,,
2026-03-26,14:07,71,4.080,,,,,,
2026-03-26,14:14,70,,13,,,,,
2026-03-26,15:37,70,,13,,,,,
2026-03-26,17:33,70,,13,,,,,
2026-03-26,18:30,69,,14,,,,,
2026-03-26,20:37,69,,14,,,,,
2026-03-27,07:00,64,,12,,,,,
2026-03-27,07:42,64,,12,,,,,
2026-03-27,11:21,63,,12,,,,,
2026-03-27,11:53,62,,12,,,,,
2026-03-27,13:14,61,,,Indoor Strength,55:41,"H10, Tempe","Off",
2026-03-27,13:22,61,3.978,,,,,,
2026-03-27,13:32,61,3.976,,,,,,
2026-03-27,13:42,61,3.969,,,,,,
2026-03-27,13:47,61,3.970,,,,,,
2026-03-27,13:52,60,3.967,,,,,,
2026-03-27,13:57,60,3.964,,,,,,
2026-03-27,14:02,60,3.968,,,,,,
2026-03-27,14:07,60,3.966,,,,,,
2026-03-27,14:50,60,,11,,,,,
2026-03-27,15:03,59,,11,,,,,
2026-03-27,16:08,59,,11,,,,,
2026-03-27,19:00,58,,11,,,,,
2026-03-28,08:11,56,,11,,,,,
2026-03-28,10:55,55,,10,,,,,
2026-03-28,13:11,55,,10,,,,,
2026-03-28,17:06,53,,10,,,,,
2026-03-28,17:26,53,,10,,,,,
2026-03-29,10:20,47,,9,,,,,
2026-03-29,16:04,45,,9,,,,,
2026-03-29,18:48,44,,8,,,,,
2026-03-29,22:51,43,,8,,,,,
2026-03-30,05:10,41,,8,,,,,
2026-03-30,05:13,41,,8,Run,44:24,"H10, Styrd","All systems Multi-band",
2026-03-30,05:17,41,3.796,8,,,,,
2026-03-30,05:22,40,3.788,,,,,,
2026-03-30,05:27,39,3.779,,,,,,
2026-03-30,05:32,38,3.774,,,,,,
2026-03-30,05:37,37,3.770,,,,,,
2026-03-30,05:42,37,3.767,,,,,,
2026-03-30,05:47,36,3.760,,,,,,
2026-03-30,05:52,35,3.753,,,,,,
2026-03-30,06:15,34,,6,,,,,
2026-03-30,06:40,33,,6,,,,,
2026-03-30,07:52,33,,6,,,,,
2026-03-30,08:47,32,,6,,,,,
2026-03-30,11:05,31,,6,,,,,
2026-03-30,13:13,,,,Indoor Strength,53:22,"H10","Off",
2026-03-30,13:17,30,3.766,,,,,,
2026-03-30,13:22,30,3.770,,,,,,
2026-03-30,13:27,30,3.768,,,,,,
2026-03-30,13:32,30,3.765,,,,,,
2026-03-30,13:37,30,3.766,,,,,,
2026-03-30,13:42,30,3.765,,,,,,
2026-03-30,13:47,30,3.766,,,,,,
2026-03-30,13:52,29,3.767,,,,,,
2026-03-30,13:57,29,3.762,,,,,,
2026-03-30,14:02,29,3.762,,,,,,
2026-03-30,14:08,29,,6,,,,,
2026-03-30,14:55,29,,6,,,,,
2026-03-30,16:15,28,,5,,,,,
2026-03-30,16:53,28,,5,,,,,
2026-03-30,17:13,27,,5,,,,,
2026-03-30,17:49,27,,5,,,,,
2026-03-30,21:58,25,,5,,,,,
2026-03-30,22:27,25,,5,,,,,
2026-03-31,05:52,22,,4,,,,,
2026-03-31,06:22,21,,4,,,,,
2026-03-31,07:01,21,,4,,,,,
2026-03-31,07:13,,,,Track Run,27:55,"H10, Styrd, Tempe","All systems",
2026-03-31,07:17,20,3.716,,,,,,
2026-03-31,07:22,20,3.705,,,,,,
2026-03-31,07:27,19,3.702,,,,,,
2026-03-31,07:32,19,3.705,,,,,,
2026-03-31,07:37,18,3.701,,,,,,
2026-03-31,07:42,18,,4,,,,,
2026-03-31,08:22,18,,3,,,,,
2026-03-31,08:42,17,,3,,,,,
2026-03-31,08:42,17,,3,Charging,,,,
2026-03-31,08:53,27,,5,Charging,,,,
2026-03-31,09:13,45,,9,Charging,,,,
2026-03-31,09:37,66,,13,Charging,,,,
2026-03-31,09:55,82,,15,Charging,,,,
2026-03-31,10:08,88,,17,Charging,,,,
2026-03-31,10:15,90,,17,Charging,,,,
2026-03-31,10:21,92,,17,Charging,,,,
2026-03-31,10:29,93,,18,Charging,,,,
2026-03-31,11:10,100,,19,"Charged",,,,
2026-03-31,12:18,100,,19,,,,,
2026-03-31,12:39,100,,19,,,,,
2026-03-31,13:12,,,,Indoor Cardio,50:00,"H10, Tempe","Off",
2026-03-30,13:16,99,4.393,,,,,,
2026-03-30,13:21,99,4.390,,,,,,
2026-03-30,13:26,99,4.388,,,,,,
2026-03-30,13:31,99,4.387,,,,,,
2026-03-30,13:36,99,4.385,,,,,,
2026-03-30,13:41,98,4.385,,,,,,
2026-03-30,13:46,98,4.381,,,,,,
2026-03-30,13:51,98,4.380,,,,,,
2026-03-30,13:56,98,4.376,,,,,,
2026-03-30,14:01,98,4.375,,,,,,
2026-03-31,14:04,98,,18,,,,,
2026-03-31,15:05,97,,19,,,,,
2026-03-31,18:33,97,,19,,,,,
2026-03-31,20:37,96,,19,,,,,
2026-04-01,06:06,94,,18,,,,,
2026-04-01,07:10,,,,Track Run,26:20,"H10, Styrd, Tempe","All systems",
2026-04-01,07:11,93,4.306,,,,,,
2026-04-01,07:16,93,4.287,,,,,,
2026-04-01,07:21,92,4.283,,,,,,
2026-04-01,07:26,92,4.276,,,,,,
2026-04-01,07:31,91,4.263,,,,,,
2026-04-01,07:36,91,4.262,,,,,,
2026-04-01,07:40,90,,18,,,,,
2026-04-01,09:00,90,,18,,,,,
2026-04-01,09:54,89,,18,,,,,
2026-04-01,13:15,,,,Indoor Strength,54:33,,"Off",
2026-04-01,13:16,88,4.259,,,,,,
2026-04-01,13:21,88,4.266,,,,,,
2026-04-01,13:26,88,4.266,,,,,,
2026-04-01,13:36,88,4.263,,,,,,
2026-04-01,13:41,88,4.263,,,,,,
2026-04-01,13:46,88,4.263,,,,,,
2026-04-01,13:51,88,4.261,,,,,,
2026-04-01,13:56,88,4.259,,,,,,
2026-04-01,14:01,87,4.260,,,,,,
2026-04-01,14:06,87,4.252,,,,,,
2026-04-01,14:11,87,,16,,,,,
2026-04-01,16:19,87,,16,,,,,
2026-04-01,17:38,86,,16,,,,,
2026-04-01,21:34,85,,16,,,,,
2026-04-02,05:57,82,,15,,,,,
2026-04-02,08:19,82,,15,,,,,
2026-04-02,10:00,81,,15,,,,,
2026-04-02,13:18,,,,Track Run,41:00,"H10, Styrd, Tempe","All systems",
2026-04-02,13:26,79,4.143,,,,,,
2026-04-02,13:31,79,4.126,,,,,,
2026-04-02,13:36,78,4.135,,,,,,
2026-04-02,13:41,78,4.128,,,,,,
2026-04-02,13:46,77,4.115,,,,,,
2026-04-02,13:51,77,4.115,,,,,,
2026-04-02,13:56,76,4.110,,,,,,
2026-04-02,14:54,75,,15,,,,,
2026-04-02,16:43,75,,15,,,,,
2026-04-02,19:25,74,,14,,,,,
2026-04-03,05:57,,,,Run,39:53,"H10 Styrd","All systems Multi-band",
2026-04-03,06:01,71,4.043,,,,,,
2026-04-03,06:06,70,4.025,,,,,,
2026-04-03,06:11,69,4.018,,,,,,
2026-04-03,06:16,69,4.002,,,,,,
2026-04-03,06:21,68,3.995,,,,,,
2026-04-03,06:26,68,3.994,,,,,,
2026-04-03,06:31,67,3.978,,,,,,
2026-04-03,06:36,66,3.974,,,,,,
2026-04-03,07:53,,,,Restart,,,,"UI stuck between widget and watchface after shower"
2026-04-03,07:53,65,,12,,,,,
2026-04-03,13:09,62,,12,,,,,
2026-04-03,14:58,62,,12,,,,,
2026-04-03,16:30,61,,12,,,,,
2026-04-03,17:25,60,,11,,,,,
2026-04-03,20:02,60,,11,,,,,
2026-04-04,11:30,56,,11,,,,,
2026-04-04,13:37,56,,11,,,,,
2026-04-04,17:18,55,,10,,,,,
2026-04-05,10:05,50,,9,,,,,
2026-04-05,13:26,48,,9,,,,,
2026-04-05,14:17,48,,9,,,,,
2026-04-06,12:56,42,,8,,,,,
2026-04-06,13:35,42,,8,,,,,
2026-04-06,18:08,40,,8,,,,,
2026-04-07,08:17,35,,7,,,,,
2026-04-07,12:04,33,,6,,,,,
2026-04-07,14:15,32,,6,,,,,
2026-04-07,21:13,29,,6,,,,,
2026-04-07,23:20,28,,5,,,,,
2026-04-08,05:50,26,,5,,,,,
2026-04-08,07:02,,,,Track Run,24:16,"H10, Styrd, Tempe","All systems",
2026-04-08,07:03,25,3.740,,,,,,
2026-04-08,07:08,24,3.735,,,,,,
2026-04-08,07:13,24,3.735,,,,,,
2026-04-08,07:18,23,3.719,,,,,,
2026-04-08,08:00,21,,4,,,,,
2026-04-08,08:00,21,,4,Charging,,,,
2026-04-08,08:30,49,,10,Charging,,,,
2026-04-08,08:44,61,,12,Charging,,,,
2026-04-08,09:03,80,,16,Unplugged,,,,
2026-04-08,10:31,80,,15,,,,,
2026-04-08,12:22,79,,15,,,,,
2026-04-08,12:24,79,,15,Restart,,,,"Install update v25.11"
2026-04-08,12:26,79,,15,,,,,
2026-04-08,13:42,,,,Track Run,18:32,"H10, Tempe","All systems",
2026-04-08,13:45,78,4.170,,,,,,
2026-04-08,13:50,78,4.165,,,,,,
2026-04-08,13:55,78,4.159,,,,,,
2026-04-08,14:00,77,4.149,,,,,,
2026-04-08,14:16,77,,15,,,,,
2026-04-08,15:27,77,,15,,,,,
2026-04-08,17:30,76,,15,,,,,
2026-04-08,20:31,75,,15,,,,,
2026-04-09,05:50,74,,15,,,,,
2026-04-09,07:08,,,,Track Run,29:11,"H10, Styrd","All systems",
2026-04-09,07:10,73,4.073,,,,,,
2026-04-09,07:15,73,4.065,,,,,,
2026-04-09,07:20,72,4.059,,,,,,
2026-04-09,07:25,72,4.050,,,,,,
2026-04-09,07:30,71,4.042,,,,,,
2026-04-09,07:35,70,4.031,,,,,,
2026-04-09,07:40,70,4.030,,,,,,
2026-04-09,08:25,69,,13,,,,,
2026-04-09,10:48,69,,13,,,,,
2026-04-09,11:14,68,,13,,,,,
2026-04-09,12:53,68,,13,,,,,
2026-04-09,13:12,,,,Indoor Strength,56:01,"H10, Tempe","Off",
2026-04-09,13:15,67,4.018,,,,,,
2026-04-09,13:20,67,4.016,,,,,,
2026-04-09,13:30,67,4.008,,,,,,
2026-04-09,13:35,67,4.015,,,,,,
2026-04-09,13:45,67,4.009,,,,,,
2026-04-09,13:50,66,4.008,,,,,,
2026-04-09,13:55,66,4.005,,,,,,
2026-04-09,14:00,66,4.005,,,,,,
2026-04-09,14:05,66,4.002,,,,,,
2026-04-09,14:30,66,,12,,,,,
2026-04-09,16:27,65,,12,,,,,
2026-04-09,16:38,65,,12,,,,,
2026-04-09,17:41,64,,12,,,,,
2026-04-09,21:52,62,,13,,,,,
2026-04-10,06:20,60,,12,,,,,
2026-04-10,08:06,59,,12,,,,,
2026-04-10,10:40,58,,12,,,,,
2026-04-10,13:01,58,,12,,,,,
2026-04-10,15:08,58,,12,,,,,
2026-04-10,17:59,57,,12,,,,,
2026-04-11,09:43,54,,11,,,,,
2026-04-12,10:47,46,,09,,,,,
2026-04-12,17:38,43,,08,,,,,
2026-04-12,21:42,42,,08,,,,,
2026-04-12,21:43,42,,08,Charging,,,,
2026-04-12,21:52,50,,10,Charging,,,,
2026-04-12,21:56,54,,10,Charging,,,,
2026-04-12,22:06,63,,12,Charging,,,,
2026-04-12,22:17,73,,14,Charging,,,,
2026-04-12,22:28,83,,16,Unplugged,,,,
2026-04-13,05:58,81,,15,,,,,
2026-04-13,07:04,80,,15,,,,,
2026-04-13,07:06,80,,,Track Run,26:48,"H10, Tempe","All systems",
2026-04-13,07:08,80,4.141,,,,,,
2026-04-13,07:13,79,4.130,,,,,,
2026-04-13,07:18,79,4.125,,,,,,
2026-04-13,07:23,78,4.116,,,,,,
2026-04-13,07:28,78,4.109,,,,,,
2026-04-13,07:33,77,4.111,,,,,,
2026-04-13,07:52,76,,15,,,,,
2026-04-13,09:15,76,,15,,,,,
2026-04-13,12:26,75,,14,,,,,
2026-04-13,12:40,75,,14,,,,,
2026-04-13,13:15,,,,Indoor Strength,51:33,"H10, Tempe","Off",
2026-04-13,13:18,75,4.104,,,,,,
2026-04-13,13:28,74,4.105,,,,,,
2026-04-13,13:38,74,4.102,,,,,,
2026-04-13,13:43,74,4.101,,,,,,
2026-04-13,13:53,74,4.100,,,,,,
2026-04-13,14:03,74,4.098,,,,,,
2026-04-13,14:08,74,4.096,,,,,,
2026-04-13,14:13,74,4.098,,,,,,
2026-04-13,14:18,74,4.096,,,,,,
2026-04-13,14:23,73,4.092,,,,,,
2026-04-13,14:56,73,,14,,,,,
2026-04-13,16:00,73,,14,,,,,
2026-04-13,21:26,71,,13,,,,,
2026-04-13,21:59,71,,13,,,,,
2026-04-14,06:00,68,,13,,,,,
2026-04-14,06:15,67,,13,,,,,
2026-04-14,07:00,67,,13,Run,34:45,"H10, Tempe","All systems Multi-band",
2026-04-14,07:03,67,3.980,,,,,,
2026-04-14,07:08,66,3.972,,,,,,
2026-04-14,07:13,65,3.961,,,,,,
2026-04-14,07:18,64,3.947,,,,,,
2026-04-14,07:23,64,3.940,,,,,,
2026-04-14,07:28,63,3.934,,,,,,
2026-04-14,07:33,62,3.928,,,,,,
2026-04-14,08:12,61,,12,,,,,
2026-04-14,09:56,60,,12,,,,,
2026-04-14,12:54,59,,12,,,,,
2026-04-14,13:18,59,,11,,,,,
2026-04-14,13:26,,,,Pool Swim,24:03,"HRM Pro, Tempe","Off",
2026-04-14,13:28,59,3.935,,,,,,
2026-04-14,13:33,59,3.931,,,,,,
2026-04-14,13:43,58,3.926,,,,,,
2026-04-14,13:53,58,,12,,,,,
2026-04-14,15:00,57,,12,,,,,
2026-04-14,15:04,57,,12,,,,,
2026-04-14,17:51,57,,11,,,,,
2026-04-14,19:30,56,,11,,,,,
2026-04-14,21:57,56,,11,,,,,
2026-04-15,04:56,,,,Run,1:00:13,"H10, Styrd, Tempe","All systems Multi-band",
2026-04-15,04:58,54,3.865,,,,,,
2026-04-15,05:03,53,3.852,,,,,,
2026-04-15,05:08,52,3.848,,,,,,
2026-04-15,05:13,51,3.840,,,,,,
2026-04-15,05:18,51,3.836,,,,,,
2026-04-15,05:23,50,3.832,,,,,,
2026-04-15,05:28,49,3.825,,,,,,
2026-04-15,05:33,48,3.823,,,,,,
2026-04-15,05:38,47,3.815,,,,,,
2026-04-15,05:43,47,3.814,,,,,,
2026-04-15,05:48,46,3.808,,,,,,
2026-04-15,05:53,45,3.803,,,,,,
2026-04-15,05:58,44,,08,,,,,
2026-04-15,07:05,43,,08,,,,,
2026-04-15,07:48,43,,08,Charging,,,,
2026-04-15,08:25,76,,14,Charging,,,,
2026-04-15,08:29,81,,15,Unplugged,,,,
2026-04-15,09:52,81,,15,,,,,
2026-04-15,10:52,80,,15,,,,,
2026-04-15,13:17,,,,Indoor Cardio,44:27,"H10, Tempe","Off",
2026-04-15,13:20,79,4.155,,,,,,
2026-04-15,13:30,79,4.141,,,,,,
2026-04-15,13:35,79,4.133,,,,,,
2026-04-15,13:40,78,4.132,,,,,,
2026-04-15,13:45,78,4.132,,,,,,
2026-04-15,13:50,78,4.128,,,,,,
2026-04-15,13:55,78,4.131,,,,,,
2026-04-15,14:00,77,4.131,,,,,,
2026-04-15,14:02,77,,15,,,,,
2026-04-15,15:51,76,,15,,,,,
2026-04-15,16:55,76,,14,,,,,
2026-04-15,21:48,74,,15,,,,,
2026-04-16,05:53,72,,14,,,,,
2026-04-16,07:04,72,,14,,,,,
2026-04-16,07:17,,,,Track Run,29:56,"H10, Tempe","All systems",
2026-04-16,07:20,71,4.040,,,,,,
2026-04-16,07:25,70,4.032,,,,,,
2026-04-16,07:30,70,4.020,,,,,,
2026-04-16,07:40,69,4.000,,,,,,
2026-04-16,08:10,67,,14,,,,,
2026-04-16,08:23,67,,14,,,,,
2026-04-16,09:33,67,,13,,,,,
2026-04-16,10:27,66,,13,,,,,
2026-04-16,10:41,66,,13,,,,,
2026-04-16,12:47,65,,13,,,,,
2026-04-16,13:08,65,,13,,,,,
2026-04-16,13:21,,,,Pool Swim,25:32,"HRM Pro","Off",
2026-04-16,13:25,64,3.980,,,,,,
2026-04-16,13:30,64,3.973,,,,,,
2026-04-16,13:35,64,3.966,,,,,,
2026-04-16,13:45,63,3.969,,,,,,
2026-04-16,13:55,63,,12,,,,,
2026-04-16,14:24,63,,12,,,,,
2026-04-16,16:15,62,,12,,,,,
2026-04-16,17:49,61,,12,,,,,
2026-04-16,17:55,61,,12,,,,,
2026-04-16,18:42,60,,11,,,,,
2026-04-17,06:03,58,,12,,,,,
2026-04-17,06:30,57,,12,,,,,
2026-04-17,08:26,57,,11,,,,,
2026-04-17,12:02,56,,12,,,,,
2026-04-17,13:18,,,,Indoor Strength,50:43,"H10, Tempe","Off",
2026-04-17,13:20,56,3.888,,,,,,
2026-04-17,13:25,55,3.905,,,,,,
2026-04-17,13:30,55,3.905,,,,,,
2026-04-17,13:40,55,3.905,,,,,,
2026-04-17,13:45,55,3.899,,,,,,
2026-04-17,13:50,55,3.903,,,,,,
2026-04-17,13:55,55,3.901,,,,,,
2026-04-17,14:00,55,3.901,,,,,,
2026-04-17,15:57,54,,10,Charging,,,,
2026-04-17,16:10,65,,12,Charging,,,,
2026-04-17,16:25,80,,15,Unplugged,,,,
2026-04-17,19:30,75,,15,,,,,
2026-04-18,07:56,75,,14,,,,,
2026-04-19,10:44,65,,12,,,,,
2026-04-20,06:08,59,,12,,,,,
2026-04-20,07:03,,,,Track Run,28:31,"H10, Tempe","All systems",
2026-04-20,07:06,58,3.917,,,,,,
2026-04-20,07:11,58,3.916,,,,,,
2026-04-20,07:16,57,3.905,,,,,,
2026-04-20,07:21,57,3.900,,,,,,
2026-04-20,07:26,56,3.902,,,,,,
2026-04-20,07:31,56,3.894,,,,,,
2026-04-20,09:35,54,,10,,,,,
2026-04-20,12:30,54,,10,,,,,
2026-04-20,13:26,,,,Pool Swim,23:05,"HRM Pro, Tempe","Off",
2026-04-20,13:31,53,3.883,,,,,,
2026-04-20,13:36,52,3.873,,,,,,
2026-04-20,13:41,52,3.873,,,,,,
2026-04-20,13:46,52,3.870,,,,,,
2026-04-20,14:44,51,,10,Charging,,,,
2026-04-20,15:01,66,,13,Charging,,,,
2026-04-20,15:15,80,,16,Unplugged,,,,
2026-04-20,16:45,80,,16,,,,,
2026-04-21,06:25,76,,14,,,,,
2026-04-21,07:05,,,,Track Run,24:47,"H10, Tempe","All systems",
2026-04-21,07:06,76,4.101,,,,,,
2026-04-21,07:11,75,4.098,,,,,,
2026-04-21,07:16,75,4.090,,,,,,
2026-04-21,07:21,74,4.077,,,,,,
2026-04-21,07:26,74,4.061,,,,,,
2026-04-21,08:12,73,,14,,,,,
2026-04-21,08:42,72,,14,,,,,
2026-04-21,11:37,72,,14,,,,,
2026-04-21,12:28,71,,14,,,,,
2026-04-21,13:10,71,,14,,,,,
2026-04-21,13:13,,,,Indoor Strength,52:37,"H10, Tempe","Off",
2026-04-21,13:16,77,4.064,,,,,,
2026-04-21,13:26,76,4.063,,,,,,
2026-04-21,13:31,76,4.061,,,,,,
2026-04-21,13:36,76,4.056,,,,,,
2026-04-21,13:41,76,4.058,,,,,,
2026-04-21,13:46,70,4.058,,,,,,
2026-04-21,13:51,70,4.055,,,,,,
2026-04-21,13:56,70,4.056,,,,,,
2026-04-21,14:01,70,4.053,,,,,,
2026-04-21,15:13,69,,13,,,,,
2026-04-21,16:47,68,,13,,,,,
2026-04-21,20:28,67,,13,,,,,
2026-04-22,05:58,63,,13,,,,,
2026-04-22,06:51,62,,13,,,,,
2026-04-22,07:04,,,,Track Run,32:01,"H10, Styrd, Tempe","All systems",
2026-04-22,07:11,61,3.944,,,,,,
2026-04-22,07:16,61,3.939,,,,,,
2026-04-22,07:21,60,3.933,,,,,,
2026-04-22,07:26,60,3.928,,,,,,
2026-04-22,07:31,59,3.931,,,,,,
2026-04-22,08:24,58,,11,,,,,
2026-04-22,10:51,58,,11,,,,,
2026-04-22,11:26,57,,11,,,,,
2026-04-22,12:39,57,,11,,,,,
2026-04-22,13:14,,,,Indoor Cardio,50:35,"H10, Tempe","Off",
2026-04-22,13:16,57,3.908,,,,,,
2026-04-22,13:21,57,3.915,,,,,,
2026-04-22,13:26,56,3.916,,,,,,
2026-04-22,13:31,56,3.911,,,,,,
2026-04-22,13:36,56,3.914,,,,,,
2026-04-22,13:41,56,3.908,,,,,,
2026-04-22,13:46,56,3.907,,,,,,
2026-04-22,13:51,56,3.909,,,,,,
2026-04-22,13:56,55,3.901,,,,,,
2026-04-22,14:01,55,3.902,,,,,,
2026-04-22,14:36,54,,10,,,,,
2026-04-22,15:52,54,,10,Charging,,,,
2026-04-22,16:17,77,,15,Charging,,,,
2026-04-22,16:21,81,,15,Unplugged,,,,
2026-04-23,06:04,77,,15,,,,,
2026-04-23,07:00,,,,Track Run,30:36,"H10, Styrd","All systems",
2026-04-23,07:02,77,4.115,,,,,,
2026-04-23,07:07,76,4.100,,,,,,
2026-04-23,07:12,76,4.093,,,,,,
2026-04-23,07:17,75,4.090,,,,,,
2026-04-23,07:22,75,4.088,,,,,,
2026-04-23,07:27,74,4.086,,,,,,
2026-04-23,07:32,74,4.086,,,,,,
2026-04-23,08:34,73,,13,,,,,
2026-04-23,08:43,72,,14,,,,,
2026-04-23,11:27,72,,14,,,,,
2026-04-23,11:31,,,,Install Update,,,,"Install update v26.09"
2026-04-23,11:36,,,,Restart,,,,"Install update v26.09"
2026-04-23,11:38,71,,13,,,,,
2026-04-23,13:32,,,,Pool Swim,22:34,"HRM Pro, Tempe","Off",
2026-04-23,13:41,69,4.037,,,,,,
2026-04-23,13:46,69,4.033,,,,,,
2026-04-23,13:51,69,4.026,,,,,,
2026-04-23,14:51,68,,14,,,,,
2026-04-23,17:34,67,,13,,,,,
2026-04-23,23:15,65,,12,,,,,
2026-04-24,04:10,63,,12,,,,,
2026-04-24,04:14,,,,Run,55:26,"H10, Styrd, Tempe","All systems Multi-band",
2026-04-24,04:16,61,3.945,,,,,,
2026-04-24,04:21,60,3.931,,,,,,
2026-04-24,04:26,60,3.926,,,,,,
2026-04-24,04:31,59,3.923,,,,,,
2026-04-24,04:36,60,3.908,,,,,,
2026-04-24,04:41,59,3.900,,,,,,
2026-04-24,04:46,60,3.904,,,,,,
2026-04-24,04:51,59,3.896,,,,,,
2026-04-24,04:56,60,3.893,,,,,,
2026-04-24,05:01,59,3.871,,,,,,
2026-04-24,05:06,60,3.883,,,,,,
2026-04-24,07:15,54,,11,,,,,
2026-04-24,07:52,53,,11,,,,,
2026-04-24,08:57,53,,11,Charging,,,,
2026-04-24,08:58,54,,11,Charging,,,,
2026-04-24,09:04,60,,11,Charging,,,,
2026-04-24,09:12,67,,13,Charging,,,,
2026-04-24,09:16,71,,13,Charging,,,,
2026-04-24,09:57,96,,18,Unplugged,,,,
2026-04-24,10:54,96,,18,,,,,
2026-04-24,12:41,95,,18,,,,,
2026-04-24,13:14,,,,Indoor Strength,50:49,"H10, Tempe","Off",
2026-04-24,13:17,95,4.331,,,,,,
2026-04-24,13:22,95,4.330,,,,,,
2026-04-24,13:27,95,4.330,,,,,,
2026-04-24,13:32,94,4.327,,,,,,
2026-04-24,13:37,94,4.326,,,,,,
2026-04-24,13:42,94,4.324,,,,,,
2026-04-24,13:52,94,4.324,,,,,,
2026-04-24,13:57,94,4.320,,,,,,
2026-04-24,15:04,93,,18,,,,,
2026-04-25,06:59,88,,17,,,,,
2026-04-25,18:52,84,,16,,,,,
2026-04-26,09:30,80,,15,,,,,
2026-04-27,13:11,,,,Indoor Strength,50:08,"H10, Tempe","Off",
2026-04-27,13:17,70,4.058,,,,,,
2026-04-27,13:22,70,4.060,,,,,,
2026-04-27,13:27,70,4.058,,,,,,
2026-04-27,13:32,70,4.053,,,,,,
2026-04-27,13:37,70,4.055,,,,,,
2026-04-27,13:47,70,4.050,,,,,,
2026-04-27,13:57,70,4.045,,,,,,
2026-04-27,14:51,69,,13,,,,,
2026-04-27,21:18,66,,12,,,,,
2026-04-28,07:04,,,,Track Run,27:51,"H10, Tempe","All systems",
2026-04-28,07:07,61,3.940,,,,,,
2026-04-28,07:17,60,3.928,,,,,,
2026-04-28,07:22,60,3.918,,,,,,
2026-04-28,07:27,59,3.913,,,,,,
2026-04-28,07:32,58,3.916,,,,,,
2026-04-28,09:10,57,,11,,,,,
2026-04-28,10:45,57,,11,,,,,
2026-04-28,13:22,,,,Pool Swim,22:47,"HRM Pro, Tempe","Off",
2026-04-28,13:32,55,3.903,,,,,,
2026-04-28,13:37,55,3.898,,,,,,
2026-04-28,13:42,55,3.900,,,,,,
2026-04-28,13:47,54,3.905,,,,,,
2026-04-28,14:46,54,,10,,,,,
2026-04-28,17:24,53,,10,,,,,
2026-04-29,07:17,,,,Track Run,26:51,"H10, Tempe","All systems",
2026-04-29,07:22,48,3.848,,,,,,
2026-04-29,07:27,48,3.839,,,,,,
2026-04-29,07:32,47,3.833,,,,,,
2026-04-29,07:37,47,3.828,,,,,,
2026-04-29,07:42,46,3.822,,,,,,
2026-04-29,06:10,50,,9,,,,,
2026-04-29,08:52,45,,9,Charging,,,,
2026-04-29,09:11,62,,12,Charging,,,,
2026-04-29,09:22,72,,14,Charging,,,,
2026-04-29,09:27,77,,15,Charging,,,,
2026-04-29,09:29,78,,15,Charging,,,,
2026-04-29,09:31,81,,15,Unplugged,,,,
2026-04-29,11:35,80,,15,,,,,
2026-04-29,13:16,,,,Indoor Cardio,46:51,"H10, Tempe","Off",
2026-04-29,13:16,79,4.151,,,,,,
2026-04-29,13:21,79,4.145,,,,,,
2026-04-29,13:26,79,4.149,,,,,,
2026-04-29,13:36,78,4.141,,,,,,
2026-04-29,13:41,78,4.140,,,,,,
2026-04-29,13:46,78,4.135,,,,,,
2026-04-29,13:51,78,4.127,,,,,,
2026-04-29,13:56,78,4.133,,,,,,
2026-04-29,14:01,77,4.134,,,,,,
2026-04-29,14:06,77,4.133,,,,,,
2026-04-29,14:57,77,,15,,,,,
2026-04-29,22:58,74,,14,,,,,
2026-04-30,06:17,72,,14,,,,,
2026-04-30,07:03,,,,Track Run,31:25,"H10, Tempe","All systems",
2026-04-30,07:06,71,4.047,,,,,,
2026-04-30,07:11,71,4.023,,,,,,
2026-04-30,07:16,70,4.009,,,,,,
2026-04-30,07:21,70,4.000,,,,,,
2026-04-30,07:26,69,3.997,,,,,,
2026-04-30,07:31,68,3.981,,,,,,
2026-04-30,10:30,63,,13,,,,,
2026-04-30,13:11,65,3.986,,Indoor Strength,58:07,"H10, Tempe","Off",
2026-04-30,13:16,65,3.988,,,,,,
2026-04-30,13:21,65,3.985,,,,,,
2026-04-30,13:26,65,3.985,,,,,,
2026-04-30,13:31,65,3.983,,,,,,
2026-04-30,13:36,64,3.983,,,,,,
2026-04-30,13:41,64,3.983,,,,,,
2026-04-30,13:51,64,3.980,,,,,,
2026-04-30,13:56,64,3.978,,,,,,
2026-04-30,14:01,64,3.979,,,,,,
2026-04-30,17:20,62,,12,,,,,
2026-05-01,09:17,58,,11,,,,,
2026-05-01,11:40,57,,11,,,,,
2026-05-02,09:36,50,,10,,,,,
2026-05-02,14:15,48,,9,,,,,
2026-05-03,13:01,41,,8,,,,,
2026-05-04,08:04,33,,6,Charging,,,,
2026-05-04,08:31,55,,10,Charging,,,,
2026-05-04,08:48,73,,14,Charging,,,,
2026-05-04,08:53,78,,15,Charging,,,,
2026-05-04,08:55,80,,15,Unplugged,,,,
2026-05-05,07:09,,,,Track Run,25:15,"H10, Styrd, Tempe","All systems",
2026-05-05,07:11,72,4.062,,,,,,
2026-05-05,07:16,72,4.055,,,,,,
2026-05-05,07:21,72,4.048,,,,,,
2026-05-05,07:26,71,4.040,,,,,,
2026-05-05,07:31,71,4.034,,,,,,
2026-05-05,07:36,70,4.028,,,,,,
2026-05-05,08:30,69,,13,,,,,
2026-05-05,09:04,69,,13,,,,,
2026-05-05,13:12,,3.986,,Indoor Strength,55:27,"H10, Tempe","Off",
2026-05-05,13:16,67,4.010,,,,,,
2026-05-05,13:21,66,4.006,,,,,,
2026-05-05,13:26,66,3.996,,,,,,
2026-05-05,13:31,66,4.005,,,,,,
2026-05-05,13:36,66,4.001,,,,,,
2026-05-05,13:41,66,4.003,,,,,,
2026-05-05,13:46,66,4.003,,,,,,
2026-05-05,13:51,66,4.001,,,,,,
2026-05-05,13:56,66,3.996,,,,,,
2026-05-05,14:01,66,3.995,,,,,,
2026-05-05,14:06,66,3.997,,,,,,
2026-05-05,17:15,64,,12,,,,,
2026-05-06,06:30,59,,11,,,,,
2026-05-06,06:53,,,,Track Run,55:22,"H10, Styrd, Tempe","All systems", "Many pauses when rest between intervals 36:33 moving time"
2026-05-06,07:56,59,3.914,,,,,,
2026-05-06,07:01,58,3.903,,,,,,
2026-05-06,07:06,58,3.902,,,,,,
2026-05-06,07:11,57,3.895,,,,,,
2026-05-06,07:16,56,3.888,,,,,,
2026-05-06,07:21,56,3.884,,,,,,
2026-05-06,07:26,55,3.880,,,,,,
2026-05-06,07:31,55,3.876,,,,,,
2026-05-06,07:36,54,3.880,,,,,,
2026-05-06,07:41,53,3.875,,,,,,
2026-05-06,07:46,53,3.869,,,,,,
2026-05-06,09:51,51,,10,,,,,
2026-05-06,13:15,,3.986,,Indoor Cardio,42:15,"H10, Tempe","Off",
2026-05-06,13:16,50,3.878,,,,,,
2026-05-06,13:26,50,3.873,,,,,,
2026-05-06,13:31,50,3.871,,,,,,
2026-05-06,13:36,49,3.872,,,,,,
2026-05-06,13:46,49,3.865,,,,,,
2026-05-06,13:51,49,3.868,,,,,,
2026-05-06,13:56,49,3.866,,,,,,
2026-05-06,14:25,48,,10,Charging,,,,
2026-05-06,14:51,71,,14,Charging,,,,
2026-05-06,14:56,76,,14,Charging,,,,
2026-05-06,14:56,77,,15,Charging,,,,
2026-05-06,15:02,82,,16,Unplugged,,,,
2026-05-06,16:21,82,,15,,,,,
2026-05-07,07:00,78,,15,,,,,
2026-05-07,07:06,,,,Track Run,30:12,"H10, Styrd, Tempe","All systems",
2026-05-07,07:08,77,4.130,,,,,,
2026-05-07,07:13,77,4.070,,,,,,
2026-05-07,07:18,77,4.116,,,,,,
2026-05-07,07:23,76,4.111,,,,,,
2026-05-07,07:28,76,4.098,,,,,,
2026-05-07,07:33,75,4.102,,,,,,
2026-05-07,07:38,75,4.094,,,,,,
2026-05-07,10:44,74,,14,,,,,
2026-05-07,11:18,74,,14,,,,,
2026-05-07,13:24,,,,Pool Swim,24:05,"HRM Pro, Tempe","Off",
2026-05-07,13:28,77,4.078,,,,,,
2026-05-07,13:33,77,4.074,,,,,,
2026-05-07,13:38,77,4.067,,,,,,
2026-05-07,15:33,71,,13,,,,,
2026-05-08,08:19,63,,12,,,,,
2026-05-11,09:39,42,,8,Charging,,,,
2026-05-11,09:51,52,,,Charging,,,,
2026-05-11,10:16,76,,14,Charging,,,,
2026-05-11,10:20,80,,15,Unplugged,,,,
2026-05-11,13:14,,,,Indoor Strength,49:44,"H10","Off",
2026-05-11,13:21,79,4.155,,,,,,
2026-05-11,13:31,79,4.153,,,,,,
2026-05-11,13:36,79,4.152,,,,,,
2026-05-11,13:41,79,4.150,,,,,,
2026-05-11,13:46,79,4.145,,,,,,
2026-05-11,13:56,79,4.145,,,,,,
2026-05-11,14:01,79,4.140,,,,,,
2026-05-11,14:06,78,4.140,,,,,,
2026-05-11,18:37,76,,14,,,,,
2026-05-12,06:54,,,,Track Run,27:14,"H10, Styrd, Tempe","All systems",
2026-05-12,06:56,72,4.057,,,,,,
2026-05-12,07:06,71,4.038,,,,,,
2026-05-12,07:11,70,4.018,,,,,,
2026-05-12,07:16,69,4.016,,,,,,
2026-05-12,07:21,69,4.007,,,,,,
2026-05-12,08:40,68,,13,,,,,
2026-05-12,09:03,67,,13,,,,,
2026-05-12,13:29,,,,Pool Swim,25:35,"HRM Pro, Tempe","Off",
2026-05-12,13:31,65,3.980,,,,,,
2026-05-12,13:41,64,3.910,,,,,,
2026-05-12,13:51,63,3.970,,,,,,
2026-05-12,14:33,63,,13,,,,,
2026-05-12,15:33,62,,13,,,,,
2026-05-13,06:50,58,,11,,,,,
2026-05-13,06:52,,,,Track Run,38:55,"Styrd, Tempe","All systems",
2026-05-13,06:56,57,3.916,,,,,,
2026-05-13,07:01,57,3.910,,,,,,
2026-05-13,07:06,56,3.910,,,,,,
2026-05-13,07:11,56,3.905,,,,,,
2026-05-13,07:16,56,3.895,,,,,,
2026-05-13,07:21,55,3.891,,,,,,
2026-05-13,07:26,55,3.895,,,,,,
2026-05-13,07:31,54,3.888,,,,,,
2026-05-13,09:25,53,,10,,,,,
2026-05-13,13:14,,3.986,,Indoor Cardio,47:00,"H10, Tempe","Off",
2026-05-13,13:21,52,3.879,,,,,,
2026-05-13,13:26,52,3.876,,,,,,
2026-05-13,13:31,52,3.876,,,,,,
2026-05-13,13:36,52,3.873,,,,,,
2026-05-13,13:41,51,3.870,,,,,,
2026-05-13,13:46,51,3.871,,,,,,
2026-05-13,13:51,51,3.870,,,,,,
2026-05-13,13:56,51,3.869,,,,,,
2026-05-13,14:01,51,3.868,,,,,,
2026-05-13,15:42,50,,9,,,,,
2026-05-13,17:12,49,,9,,,,,
2026-05-13,21:06,48,,9,,,,,
2026-05-14,06:51,45,,9,,,,,
2026-05-14,07:07,,,,Track Run,26:04,"H10, Styrd, Tempe","All systems",
2026-05-14,07:11,44,3.821,,,,,,
2026-05-14,07:16,43,3.821,,,,,,
2026-05-14,07:21,43,3.815,,,,,,
2026-05-14,07:26,42,3.814,,,,,,
2026-05-14,07:31,42,3.809,,,,,,
2026-05-14,09:10,41,,8,Charging,,,,
2026-05-14,09:26,56,,11,Charging,,,,
2026-05-14,10:18,91,,17,Unplugged,,,,
2026-05-14,17:25,88,,17,,,,,
2026-05-18,05:55,61,,12,,,,,
2026-05-18,06:52,,,,Track Run,27:20,"H10, Styrd, Tempe","All systems",
2026-05-18,06:54,60,3.932,,,,,,
2026-05-18,06:59,60,3.933,,,,,,
2026-05-18,07:04,59,3.926,,,,,,
2026-05-18,07:09,59,3.919,,,,,,
2026-05-18,07:14,58,3.910,,,,,,
2026-05-18,07:19,58,3.915,,,,,,
2026-05-18,08:08,57,,11,,,,,
2026-05-18,15:01,56,,11,,,,,
2026-05-19,07:05,,,,Track Run,26:42,"Styrd, Tempe","All systems",
2026-05-19,07:09,51,3.860,,,,,,
2026-05-19,07:14,50,3.848,,,,,,
2026-05-19,07:19,50,3.850,,,,,,
2026-05-19,07:24,50,3.847,,,,,,
2026-05-19,07:29,50,3.835,,,,,,
2026-05-19,13:12,,,,Indoor Strength,53:18,"H10","Off",
2026-05-19,13:19,46,3.847,,,,,,
2026-05-19,13:24,45,3.846,,,,,,
2026-05-19,13:29,45,3.847,,,,,,
2026-05-19,13:34,45,3.847,,,,,,
2026-05-19,13:39,45,3.846,,,,,,
2026-05-19,13:44,45,3.846,,,,,,
2026-05-19,13:49,45,3.845,,,,,,
2026-05-19,13:54,45,3.843,,,,,,
2026-05-19,16:29,43,,8,Charging,,,,
2026-05-19,16:52,64,,12,Charging,,,,
2026-05-19,16:58,70,,13,Charging,,,,
2026-05-19,17:18,88,,17,Unplugged,,,,
2026-05-20,11:58,81,,15,,,,,
2026-05-20,13:14,70,,13,,,,,
2026-05-20,13:15,,,,Indoor Cardio,43:30,"H10, Tempe","Off",
2026-05-20,13:18,81,4.165,,,,,,
2026-05-20,13:28,81,4.165,,,,,,
2026-05-20,13:33,81,4.161,,,,,,
2026-05-20,13:38,81,4.158,,,,,,
2026-05-20,13:43,81,4.157,,,,,,
2026-05-20,13:53,81,4.153,,,,,,
2026-05-20,13:58,81,4.153,,,,,,
2026-05-20,15:00,79,,15,,,,,
2026-05-20,16:38,78,,15,,,,,
2026-05-21,09:23,71,,13,,,,,
2026-05-21,13:21,,,,Track Run,39:58,"H10, Tempe","All systems","Stryd connect issue"
2026-05-21,13:28,69,4.010,,,,,,
2026-05-21,13:33,68,4.001,,,,,,
2026-05-21,13:38,68,3.993,,,,,,
2026-05-21,13:43,67,3.988,,,,,,
2026-05-21,13:48,67,3.981,,,,,,
2026-05-21,13:53,67,3.976,,,,,,
2026-05-21,13:58,66,3.971,,,,,,
2026-05-22,07:02,,,,Track Run,22:21,"H10, Stryd, Tempe","All systems",
2026-05-22,07:08,58,3.916,,,,,,
2026-05-22,07:13,58,3.911,,,,,,
2026-05-22,07:18,57,3.906,,,,,,
2026-05-22,07:23,57,3.895,,,,,,
2026-05-22,09:19,55,,11,,,,,
2026-05-22,10:21,55,,11,Charging,,,,
2026-05-22,10:35,67,,13,Charging,,,,
2026-05-22,10:41,73,,14,Charging,,,,
2026-05-22,10:59,89,,17,Unplugged,,,,
2026-05-22,13:12,,,,Indoor Strength,1:02:37,"H10, Tempe","Off",
2026-05-22,13:14,88,4.260,,,,,,
2026-05-22,13:19,88,4.256,,,,,,
2026-05-22,13:29,88,4.256,,,,,,
2026-05-22,13:34,88,4.253,,,,,,
2026-05-22,13:39,88,4.252,,,,,,
2026-05-22,13:44,88,4.250,,,,,,
2026-05-22,13:49,88,4.251,,,,,,
2026-05-22,13:54,88,4.248,,,,,,
2026-05-22,13:59,87,4.250,,,,,,
2026-05-22,14:04,87,4.245,,,,,,
2026-05-22,14:09,87,4.243,,,,,,
2026-05-22,14:14,87,4.241,,,,,,
2026-05-22,14:19,87,4.239,,,,,,
2026-05-24,12:12,72,,14,,,,,
2026-05-25,05:55,65,,12,,,,,
2026-05-25,05:56,,,,Run,55:49,"H10, Styrd, Tempe","All systems Multi-band",
2026-05-25,05:59,64,3.951,,,,,,
2026-05-25,06:04,64,3.949,,,,,,
2026-05-25,06:09,63,3.940,,,,,,
2026-05-25,06:14,62,3.929,,,,,,
2026-05-25,06:19,62,3.935,,,,,,
2026-05-25,06:24,61,3.931,,,,,,
2026-05-25,06:34,59,3.903,,,,,,
2026-05-25,06:39,59,3.906,,,,,,
2026-05-25,06:44,58,3.901,,,,,,
2026-05-25,07:26,56,,11,,,,,
2026-05-26,06:46,49,,09,,,,,
2026-05-26,07:09,,,,Track Run,25:38,"H10, Styrd, Tempe","All systems",
2026-05-26,07:14,49,3.848,,,,,,
2026-05-26,07:19,48,3.846,,,,,,
2026-05-26,07:24,48,3.840,,,,,,
2026-05-26,07:29,47,3.838,,,,,,
2026-05-26,07:34,47,3.833,,,,,,
2026-05-26,10:18,45,,09,Charging,,,,
2026-05-26,10:29,55,,11,Charging,,,,
2026-05-26,10:50,75,,14,Charging,,,,
2026-05-26,10:53,77,,15,Charging,,,,
2026-05-26,10:54,78,,15,Charging,,,,
2026-05-26,10:55,80,,15,Unplugged,,,,
2026-05-26,13:11,,,,Indoor Strength,57:16,"H10, Tempe","Off",
2026-05-26,13:16,80,4.155,,,,,,
2026-05-26,13:21,80,4.157,,,,,,
2026-05-26,13:26,80,4.153,,,,,,
2026-05-26,13:31,80,4.156,,,,,,
2026-05-26,13:36,80,4.156,,,,,,
2026-05-26,13:41,80,4.155,,,,,,
2026-05-26,13:46,80,4.152,,,,,,
2026-05-26,13:51,80,4.152,,,,,,
2026-05-26,13:56,80,4.149,,,,,,
2026-05-26,14:01,80,4.148,,,,,,
2026-05-26,14:06,80,4.148,,,,,,
2026-05-26,15:24,78,,15,,,,,
2026-05-27,06:19,73,,14,,,,,
2026-05-27,08:22,72,,14,,,,,
2026-05-27,11:13,72,,14,,,,,
2026-05-27,13:17,,,,Track Run,36:37,"H10, Styrd, Tempe","All systems",
2026-05-27,13:21,70,4.041,,,,,,
2026-05-27,13:26,70,4.033,,,,,,
2026-05-27,13:31,69,4.025,,,,,,
2026-05-27,13:36,69,4.019,,,,,,
2026-05-27,13:41,69,4.009,,,,,,
2026-05-27,13:46,68,3.997,,,,,,
2026-05-27,13:51,68,4.000,,,,,,
2026-05-27,13:56,67,3.995,,,,,,
2026-05-27,15:11,66,,13,,,,,
2026-05-27,18:23,65,,12,,,,,
2026-05-28,07:03,,,,Track Run,23:52,"H10, Styrd, Tempe","All systems",
2026-05-28,07:06,60,3.935,,,,,,
2026-05-28,07:11,59,3.926,,,,,,
2026-05-28,07:16,59,3.921,,,,,,
2026-05-28,07:21,58,3.918,,,,,,
2026-05-28,07:26,58,3.908,,,,,,
2026-05-28,08:38,57,,11,,,,,
2026-05-28,11:45,56,,11,,,,,
2026-05-28,13:23,,,,Pool Swim,25:47,"HRM Pro, Tempe","Off",
2026-05-28,13:26,55,3.912,,,,,,
2026-05-28,13:31,55,3.909,,,,,,
2026-05-28,13:36,55,3.911,,,,,,
2026-05-28,13:41,55,3.910,,,,,,
2026-05-28,13:46,55,3.908,,,,,,
2026-05-28,15:42,54,,10,Charging,,,,
2026-05-28,16:10,80,,15,Unplugged,,,,
2026-05-29,06:14,76,,11,,,,,
2026-05-29,07:06,76,4.100,,Track Run,24:49,"H10, Styrd, Tempe","All systems",
2026-05-29,07:16,75,4.086,,,,,,
2026-05-29,07:21,74,4.085,,,,,,
2026-05-29,07:26,74,4.082,,,,,,
2026-05-29,08:34,73,,14,,,,,
2026-05-29,09:39,,,,Install Update,,,,"Install update v26.09"
2026-05-29,09:42,72,,14,,,,,
2026-05-29,11:30,72,,14,,,,,
2026-05-29,13:09,,,,Indoor Strength,57:16,"H10, Tempe","Off",
2026-05-29,13:10,71,4.067,,,,,,
2026-05-29,13:15,71,4.066,,,,,,
2026-05-29,13:20,71,4.066,,,,,,
2026-05-29,13:25,71,4.062,,,,,,
2026-05-29,13:30,71,4.062,,,,,,
2026-05-29,13:40,71,4.056,,,,,,
2026-05-29,13:45,71,4.056,,,,,,
2026-05-29,13:50,70,4.055,,,,,,
2026-05-29,13:55,70,4.055,,,,,,
2026-05-29,14:00,70,4.056,,,,,,
2026-05-29,14:05,70,4.052,,,,,,
2026-05-29,16:07,69,,13,,,,,
2026-05-31,09:30,56,,11,,,,,
2026-05-31,21:21,52,,10,,,,,
2026-06-01,06:53,,,,Track Run,25:20,"H10, Styrd, Tempe","All systems",
2026-06-01,06:55,48,3.840,,,,,,
2026-06-01,07:00,48,3.835,,,,,,
2026-06-01,07:05,47,3.831,,,,,,
2026-06-01,07:10,47,3.828,,,,,,
2026-06-01,07:15,46,3.823,,,,,,
2026-06-01,08:43,44,,08,,,,,
2026-06-01,08:45,44,,08,Charging,,,,
2026-06-01,09:17,74,,14,Charging,,,,
2026-06-01,09:22,80,,15,Unplugged,,,,
2026-06-01,13:26,,,,Pool Swim,22:11,"HRM Pro, Tempe","Off",
2026-06-01,13:27,78,4.136,,,,,,
2026-06-01,13:32,78,4.135,,,,,,
2026-06-01,13:37,78,4.129,,,,,,
2026-06-01,13:42,77,4.125,,,,,,
2026-06-01,13:47,77,4.123,,,,,,
2026-06-02,05:50,72,,14,,,,,
2026-06-02,06:54,,,,Track Run,28:28,"H10, Styrd, Tempe","All systems",
2026-06-02,06:57,71,4.050,,,,,,
2026-06-02,07:02,70,4.041,,,,,,
2026-06-02,07:07,70,4.033,,,,,,
2026-06-02,07:12,70,4.019,,,,,,
2026-06-02,07:17,69,4.018,,,,,,
2026-06-02,07:22,69,3.998,,,,,,
2026-06-02,08:40,67,,13,,,,,
2026-06-02,13:10,,,,Indoor Strength,53:57,"H10, Tempe","Off",
2026-06-02,13:12,65,3.990,,,,,,
2026-06-02,13:17,65,3.990,,,,,,
2026-06-02,13:22,65,3.992,,,,,,
2026-06-02,13:32,65,3.988,,,,,,
2026-06-02,13:37,65,3.988,,,,,,
2026-06-02,13:42,65,3.986,,,,,,
2026-06-02,13:52,65,3.988,,,,,,
2026-06-02,13:57,64,3.985,,,,,,
2026-06-02,14:02,64,3.977,,,,,,
2026-06-02,15:04,64,,12,,,,,
2026-06-03,08:54,58,,11,,,,,
2026-06-03,12:20,57,,11,,,,,
2026-06-03,13:12,,,,Track Run,31:20,"H10, Styrd, Tempe","All systems","Bright Sun, Solar Intensity 60~97%"
2026-06-03,13:12,57,3.901,,,,,,
2026-06-03,13:17,56,3.901,,,,,,
2026-06-03,13:22,56,3.899,,,,,,
2026-06-03,13:27,55,3.894,,,,,,
2026-06-03,13:32,55,3.885,,,,,,
2026-06-03,13:37,55,3.888,,,,,,
2026-06-03,13:42,54,3.884,,,,,,
2026-06-03,13:47,54,3.882,,,,,,
2026-06-03,15:19,52,,10,,,,,
2026-06-04,05:59,47,,9,,,,,
2026-06-04,07:05,,,,Track Run,27:34,"Styrd, Tempe","All systems","Solar Intensity 16~29%"
2026-06-04,07:07,46,3.840,,,,,,
2026-06-04,07:12,46,3.842,,,,,,
2026-06-04,07:17,46,3.841,,,,,,
2026-06-04,07:22,45,3.837,,,,,,
2026-06-04,07:27,45,3.831,,,,,,
2026-06-04,07:23,45,3.835,,,,,,
2026-06-04,08:38,44,,8,,,,,
2026-06-04,13:15,,,,Indoor Strength,51:42,"H10, Tempe","Off",
2026-06-04,13:17,43,3.827,,,,,,
2026-06-04,13:22,43,3.831,,,,,,
2026-06-04,13:32,42,3.826,,,,,,
2026-06-04,13:37,42,3.830,,,,,,
2026-06-04,13:42,42,3.830,,,,,,
2026-06-04,13:47,42,3.830,,,,,,
2026-06-04,13:52,42,3.830,,,,,,
2026-06-04,14:02,42,3.826,,,,,,
2026-06-04,14:07,42,3.828,,,,,,
2026-06-04,16:23,40,,8,Charging,,,,
2026-06-04,16:56,71,,13,Charging,,,,
2026-06-04,17:16,88,,17,Unplugged,,,,
2026-06-05,05:58,83,,16,,,,,
2026-06-05,06:42,82,,16,,,,,
2026-06-05,06:53,,,,Track Run,54:10,"H10, Styrd, Tempe","All systems","Solar Intensity 11~25%"
2026-06-05,06:57,82,4.169,,,,,,
2026-06-05,07:02,82,4.162,,,,,,
2026-06-05,07:07,81,4.156,,,,,,
2026-06-05,07:12,81,4.153,,,,,,
2026-06-05,07:17,80,4.149,,,,,,
2026-06-05,07:22,80,4.143,,,,,,
2026-06-05,07:27,79,4.140,,,,,,
2026-06-05,07:32,79,4.136,,,,,,
2026-06-05,07:37,79,4.130,,,,,,
2026-06-05,07:42,78,4.125,,,,,,
2026-06-05,07:47,78,4.121,,,,,,
2026-06-05,08:55,77,,15,,,,,
2026-06-05,13:26,,,,Pool Swim,24:32,"HRM Pro, Tempe","Off","Bright Sun Solar Intensity 94~100%"
2026-06-05,13:27,76,4.111,,,,,,
2026-06-05,13:32,75,4.110,,,,,,
2026-06-05,13:37,75,4.100,,,,,,
2026-06-05,13:42,75,4.102,,,,,,
2026-06-05,13:47,74,4.094,,,,,,
2026-06-05,15:41,73,,14,,,,,
2026-06-06,06:19,67,,13,,,,,
2026-06-06,06:21,,,,Run,23:29,"H10, Tempe","All systems Multi-band",
2026-06-06,06:22,67,3.990,,,,,,
2026-06-06,06:27,66,3.979,,,,,,
2026-06-06,06:32,66,3.965,,,,,,
2026-06-06,06:37,65,3.953,,,,,,
2026-06-06,06:42,64,3.946,,,,,,
2026-06-06,06:47,63,3.950,,,,,,
2026-06-06,06:50,63,,12,,,,,
2026-06-08,06:39,48,,9,,,,,
2026-06-08,07:09,,,,Track Run,28:15,"H10, Styrd, Tempe","All systems",
2026-06-08,07:12,47,3.836,,,,,,
2026-06-08,07:17,47,3.832,,,,,,
2026-06-08,07:22,46,3.824,,,,,,
2026-06-08,07:27,45,3.821,,,,,,
2026-06-08,07:32,45,3.820,,,,,,
2026-06-08,07:37,44,3.815,,,,,,
2026-06-08,08:42,43,,8,Charging,,,,
2026-06-08,09:03,63,,12,Charging,,,,
2026-06-08,09:13,71,,14,Charging,,,,
2026-06-08,09:22,79,,15,Unplugged,,,,
2026-06-08,13:14,,,,Indoor Strength,59:20,"H10, Tempe","Off",
2026-06-08,13:18,79,4.148,,,,,,
2026-06-08,13:23,79,4.150,,,,,,
2026-06-08,13:33,79,4.148,,,,,,
2026-06-08,13:43,78,4.142,,,,,,
2026-06-08,13:48,78,4.141,,,,,,
2026-06-08,13:53,78,4.143,,,,,,
2026-06-08,13:58,78,4.140,,,,,,
2026-06-08,14:13,78,4.140,,,,,,
2026-06-09,06:31,72,,14,,,,,
2026-06-09,06:57,,,,Track Run,38:45,"H10, Styrd, Tempe","All systems",
2026-06-09,06:58,72,4.058,,,,,,
2026-06-09,07:03,71,4.050,,,,,,
2026-06-09,07:08,71,4.039,,,,,,
2026-06-09,07:13,71,4.035,,,,,,
2026-06-09,07:18,70,4.024,,,,,,
2026-06-09,07:23,70,4.018,,,,,,
2026-06-09,07:28,69,4.005,,,,,,
2026-06-09,09:26,67,,13,,,,,
2026-06-09,10:56,66,,12,,,,,
2026-06-09,11:57,66,,12,,,,,
2026-06-09,13:26,,,,Pool Swim,22:25,"HRM Pro, Tempe","Off",
2026-06-09,13:28,65,3.976,,,,,,
2026-06-09,13:33,64,3.974,,,,,,
2026-06-09,13:38,64,3.968,,,,,,
2026-06-09,13:43,64,3.968,,,,,,
2026-06-09,13:48,64,3.965,,,,,,
2026-06-10,08:48,57,,11,,,,,
2026-06-10,10:35,57,,11,,,,,
2026-06-10,13:15,,,,Track Run,44:08,"H10, Styrd, Tempe","All systems",
2026-06-10,13:23,55,3.884,,,,,,
2026-06-10,13:28,55,3.880,,,,,,
2026-06-10,13:33,54,3.879,,,,,,
2026-06-10,13:38,54,3.873,,,,,,
2026-06-10,13:43,53,3.875,,,,,,
2026-06-10,13:48,53,3.870,,,,,,
2026-06-10,13:53,52,3.869,,,,,,
2026-06-10,13:58,52,3.862,,,,,,
2026-06-10,16:32,50,,10,,,,,
2026-06-11,06:55,,,,Track Run,28:21,"H10, Styrd, Tempe","All systems",
2026-06-11,06:58,45,3.831,,,,,,
2026-06-11,07:03,44,3.830,,,,,,
2026-06-11,07:13,43,3.822,,,,,,
2026-06-11,07:18,43,3.807,,,,,,
2026-06-11,07:23,42,3.818,,,,,,
2026-06-11,09:18,41,,8,,,,,
2026-06-11,09:19,41,,8,Charging,,,,
2026-06-11,09:42,62,,12,Charging,,,,
2026-06-11,09:51,70,,13,Charging,,,,
2026-06-11,10:06,85,,16,Unplugged,,,,
2026-06-11,13:25,,,,Pool Swim,22:05,"HRM Pro, Tempe","Off",
2026-06-11,13:26,83,4.190,,,,,,
2026-06-11,13:31,83,4.186,,,,,,
2026-06-11,13:41,83,4.181,,,,,,
2026-06-11,13:46,82,4.177,,,,,,
2026-06-11,14:50,82,,15,,,,,
2026-06-11,15:50,81,,15,,,,,
2026-06-12,05:55,76,,14,,,,,
2026-06-12,06:55,,,,Track Run,54:52,"H10, Styrd, Tempe","All systems",
2026-06-12,07:01,75,4.090,,,,,,
2026-06-12,07:06,75,4.078,,,,,,
2026-06-12,07:11,74,4.075,,,,,,
2026-06-12,07:16,73,4.063,,,,,,
2026-06-12,07:21,73,4.060,,,,,,
2026-06-12,07:26,72,4.046,,,,,,
2026-06-12,07:31,72,4.039,,,,,,
2026-06-12,07:36,71,4.034,,,,,,
2026-06-12,07:41,71,4.030,,,,,,
2026-06-12,07:46,70,4.020,,,,,,
2026-06-12,07:51,69,4.003,,,,,,
2026-06-12,09:11,68,,13,,,,,
2026-06-12,13:14,,,,Indoor Strength,59:29,"H10, Tempe","Off",
2026-06-12,13:16,66,3.996,,,,,,
2026-06-12,13:21,66,3.995,,,,,,
2026-06-12,13:26,66,3.993,,,,,,
2026-06-12,13:31,65,3.994,,,,,,
2026-06-12,13:36,65,3.992,,,,,,
2026-06-12,13:41,65,3.988,,,,,,
2026-06-12,13:51,65,3.990,,,,,,
2026-06-12,13:56,65,3.981,,,,,,
2026-06-12,14:01,65,3.983,,,,,,
2026-06-12,14:06,65,3.988,,,,,,
2026-06-12,17:39,63,,12,,,,,
2026-06-13,08:41,59,,11,,,,,
2026-06-15,07:04,44,,8,,,,,
2026-06-15,07:05,,,,Track Run,28:07,"H10, Styrd, Tempe","All systems",
2026-06-15,07:06,75,3.821,,,,,,
2026-06-15,07:11,74,3.815,,,,,,
2026-06-15,07:16,73,3.807,,,,,,
2026-06-15,07:21,73,3.810,,,,,,
2026-06-15,07:26,72,3.805,,,,,,
2026-06-15,07:31,72,3.805,,,,,,
2026-06-15,08:10,39,,8,Charging,,,,
2026-06-15,08:32,60,,11,Charging,,,,
2026-06-15,08:51,77,,15,Charging,,,,
2026-06-15,08:57,83,,16,Unplugged,,,,
2026-06-15,13:28,,,,Pool Swim,25:32,"HRM Pro, Tempe","Off",
2026-06-15,13:38,81,4.159,,,,,,
2026-06-15,13:43,80,4.153,,,,,,
2026-06-15,13:48,80,4.151,,,,,,
2026-06-15,13:53,80,4.145,,,,,,
2026-06-16,07:57,74,,14,,,,,
2026-06-16,13:18,,,,Indoor Strength,55:27,"H10, Tempe","Off",
2026-06-16,13:18,72,4.069,,,,,,
2026-06-16,13:23,72,4.070,,,,,,
2026-06-16,13:28,72,4.070,,,,,,
2026-06-16,13:33,72,4.067,,,,,,
2026-06-16,13:38,71,4.067,,,,,,
2026-06-16,13:48,71,4.065,,,,,,
2026-06-16,13:53,71,4.061,,,,,,
2026-06-16,13:58,71,4.062,,,,,,
2026-06-16,14:03,71,4.061,,,,,,
2026-06-16,14:13,71,4.061,,,,,,
2026-06-16,15:57,70,,13,,,,,
2026-06-17,12:49,,,,Track Run,40:28,"H10, Styrd, Tempe","All systems",
2026-06-17,12:53,61,3.941,,,,,,
2026-06-17,12:58,61,3.937,,,,,,
2026-06-17,13:03,60,3.933,,,,,,
2026-06-17,13:08,60,3.930,,,,,,
2026-06-17,13:13,59,3.921,,,,,,
2026-06-17,13:18,59,3.915,,,,,,
2026-06-17,13:23,58,3.914,,,,,,
2026-06-17,13:28,58,3.908,,,,,,
2026-06-17,15:41,56,,11,,,,,
2026-06-17,15:42,56,,11,Charging,,,,
2026-06-17,16:00,73,,14,Charging,,,,
2026-06-17,16:06,79,,15,Charging,,,,
2026-06-17,16:07,80,,15,Unplugged,,,,
2026-06-22,06:55,,,,Track Run,27:44,"H10, Styrd, Tempe","All systems",
2026-06-22,06:58,43,3.812,,,,,,
2026-06-22,07:03,43,3.807,,,,,,
2026-06-22,07:08,43,3.804,,,,,,
2026-06-22,07:13,43,3.799,,,,,,
2026-06-22,07:18,43,3.798,,,,,,
2026-06-22,07:23,43,3.791,,,,,,
2026-06-22,09:44,38,,7,Charging,,,,
2026-06-22,09:59,52,,10,Charging,,,,
2026-06-22,10:06,58,,11,Charging,,,,
2026-06-22,10:10,63,,12,Charging,,,,
2026-06-22,10:44,91,,17,Unplugged,,,,
2026-06-22,13:09,,,,Indoor Strength,52:43,"H10, Tempe","Off",
2026-06-22,13:14,90,4.280,,,,,,
2026-06-22,13:19,90,4.278,,,,,,
2026-06-22,13:29,90,4.275,,,,,,
2026-06-22,13:34,90,4.271,,,,,,
2026-06-22,13:39,90,4.273,,,,,,
2026-06-22,13:44,90,4.272,,,,,,
2026-06-22,13:49,90,4.270,,,,,,
2026-06-22,13:54,90,4.270,,,,,,
2026-06-22,13:59,90,4.268,,,,,,
2026-06-22,14:51,89,,17,,,,,
2026-06-23,07:06,,,,Track Run,24:50,"H10, Styrd, Tempe","All systems",
2026-06-23,07:09,82,4.183,,,,,,
2026-06-23,07:19,82,4.170,,,,,,
2026-06-23,07:24,81,4.165,,,,,,
2026-06-23,07:29,81,4.166,,,,,,
2026-06-23,08:36,80,,15,,,,,
2026-06-23,09:41,80,,15,,,,,
2026-06-23,13:21,,,,Pool Swim,24:37,"HRM Pro, Tempe","Off",
2026-06-23,13:24,78,4.138,,,,,,
2026-06-23,13:29,78,4.136,,,,,,
2026-06-23,13:34,78,4.135,,,,,,
2026-06-23,13:39,78,4.138,,,,,,
2026-06-23,13:44,77,4.133,,,,,,
2026-06-23,14:46,77,,15,,,,,
2026-06-23,14:48,,,,Reboot,,,,
2026-06-23,14:50,76,,14,,,,,
2026-06-24,07:33,71,,14,,,,,
2026-06-24,13:09,,,,Track Run,27:23,"H10, Styrd, Tempe","All systems",
2026-06-24,13:14,69,4.016,,,,,,
2026-06-24,13:19,68,4.008,,,,,,
2026-06-24,13:24,68,4.004,,,,,,
2026-06-24,13:29,67,3.993,,,,,,
2026-06-24,13:34,67,3.990,,,,,,
2026-06-24,13:39,66,3.983,,,,,,
2026-06-24,13:44,66,3.980,,,,,,
2026-06-24,13:49,66,3.982,,,,,,
2026-06-24,13:54,65,3.972,,,,,,
2026-06-24,15:51,63,,12,,,,,
2026-06-25,06:52,,,,Track Run,29:41,"H10, Styrd, Tempe","All systems",
2026-06-25,06:54,57,3.909,,,,,,
2026-06-25,06:59,57,3.906,,,,,,
2026-06-25,07:04,57,3.908,,,,,,
2026-06-25,07:09,56,3.911,,,,,,
2026-06-25,07:14,56,3.908,,,,,,
2026-06-25,07:19,56,3.906,,,,,,
2026-06-25,09:46,55,,10,,,,,
2026-06-25,13:28,,,,Pool Swim,22:23,"HRM Pro, Tempe","Off",
2026-06-25,13:29,53,3.882,,,,,,
2026-06-25,13:34,53,3.880,,,,,,
2026-06-25,13:39,53,3.877,,,,,,
2026-06-25,13:44,53,3.873,,,,,,
2026-06-25,13:49,52,3.877,,,,,,
2026-06-25,15:55,51,,10,,,,,
2026-06-25,15:59,51,,10,Charging,,,,
2026-06-25,15:09,61,,12,Charging,,,,
2026-06-25,15:34,83,,16,Unplugged,,,,
2026-06-26,07:07,,,,Track Run,22:45,"H10, Styrd, Tempe","All systems",
2026-06-26,07:09,78,4.124,,,,,,
2026-06-26,07:14,77,4.119,,,,,,
2026-06-26,07:19,77,4.113,,,,,,
2026-06-26,07:24,76,4.110,,,,,,
2026-06-26,13:11,,,,Indoor Strength,59:49,"H10, Tempe","Off",
2026-06-26,13:14,73,4.090,,,,,,
2026-06-26,13:19,73,4.090,,,,,,
2026-06-26,13:24,73,4.088,,,,,,
2026-06-26,13:29,73,4.082,,,,,,
2026-06-26,13:39,73,4.086,,,,,,
2026-06-26,13:44,73,4.080,,,,,,
2026-06-26,13:49,73,4.084,,,,,,
2026-06-26,13:54,73,4.081,,,,,,
2026-06-26,14:04,73,4.081,,,,,,
2026-06-26,14:09,72,4.080,,,,,,
2026-06-26,15:16,72,,14,,,,,
2026-06-28,14:19,56,,11,,,,,
2026-06-28,15:25,55,,11,,,,,
2026-06-29,07:12,,,,Track Run,24:33,"H10, Styrd, Tempe","All systems",
2026-06-29,07:14,49,3.853,,,,,,
2026-06-29,07:19,49,3.850,,,,,,
2026-06-29,07:24,49,3.846,,,,,,
2026-06-29,07:29,49,3.841,,,,,,
2026-06-29,07:34,49,3.840,,,,,,
2026-06-29,09:07,46,,9,,,,,
2026-06-29,11:47,46,,9,,,,,
2026-06-29,13:26,,,,Pool Swim,21:53,"HRM Pro, Tempe","Off",
2026-06-29,13:34,44,3.831,,,,,,
2026-06-29,13:39,44,3.831,,,,,,
2026-06-29,13:44,43,3.830,,,,,,
2026-06-29,15:08,42,,8,,,,,
2026-06-29,15:09,42,,8,Charging,,,,
2026-06-29,15:23,56,,11,Charging,,,,
2026-06-29,15:32,64,,12,Charging,,,,
2026-06-29,15:49,80,,15,Unplugged,,,,
2026-06-30,13:16,,,,Track Run,44:47,"H10, Styrd, Tempe","All systems",
2026-06-30,13:20,73,4.065,,,,,,
2026-06-30,13:25,72,4.056,,,,,,
2026-06-30,13:30,71,4.047,,,,,,
2026-06-30,13:35,71,4.040,,,,,,
2026-06-30,13:40,70,4.032,,,,,,
2026-06-30,13:45,70,4.023,,,,,,
2026-06-30,13:50,69,4.003,,,,,,
2026-06-30,13:55,69,4.000,,,,,,
2026-06-30,14:05,67,3.985,,,,,,
2026-07-01,14:01,58,,11,,,,,
2026-07-02,13:04,,,,Track Run,50:22,"H10, Styrd, Tempe","All systems",
2026-05-02,13:05,72,3.868,,,,,,
2026-05-02,13:10,72,3.868,,,,,,
2026-05-02,13:15,72,3.856,,,,,,
2026-05-02,13:20,72,3.863,,,,,,
2026-05-02,13:25,72,3.852,,,,,,
2026-05-02,13:35,72,3.854,,,,,,
2026-05-02,13:40,72,3.847,,,,,,
2026-05-02,13:45,72,3.841,,,,,,
2026-05-02,13:50,72,3.846,,,,,,
2026-05-02,13:55,72,3.838,,,,,,
2026-07-02,15:32,45,,9,Charging,,,,
2026-07-02,15:56,67,,13,Charging,,,,
2026-07-02,16:12,82,,15,Unplugged,,,,
2026-07-03,07:02,,,,Track Run,43:56,"Styrd, Tempe","All systems",
2026-07-03,07:02,77,4.109,,,,,,
2026-07-03,07:07,77,4.101,,,,,,
2026-07-03,07:17,76,4.097,,,,,,
2026-07-03,07:22,75,4.053,,,,,,
2026-07-03,07:27,75,4.080,,,,,,
2026-07-03,07:32,74,4.075,,,,,,
2026-07-03,07:37,74,4.072,,,,,,
2026-07-03,07:42,73,4.062,,,,,,
2026-07-03,09:20,72,,14,,,,,
2026-07-03,13:15,,,,Indoor Strength,52:42,"Tempe","Off",
2026-07-03,13:22,71,4.058,,,,,,
2026-07-03,13:27,71,4.052,,,,,,
2026-07-03,13:32,71,4.052,,,,,,
2026-07-03,13:37,70,4.053,,,,,,
2026-07-03,13:42,70,4.050,,,,,,
2026-07-03,13:47,70,4.049,,,,,,
2026-07-03,13:52,70,4.045,,,,,,
2026-07-03,14:02,70,4.040,,,,,,
2026-07-03,16:15,69,,13,,,,,
2026-07-05,09:13,56,,11,,,,,
2026-07-06,05:13,,,,Run,31:09,"H10","All systems Multi-band",
2026-07-06,05:17,48,3.838,,,,,,
2026-07-06,05:22,47,3.826,,,,,,
2026-07-06,05:27,46,3.819,,,,,,
2026-07-06,05:32,46,3.816,,,,,,
2026-07-06,05:37,45,3.810,,,,,,
2026-07-06,05:42,44,3.807,,,,,,
2026-07-06,08:11,42,,8,Charging,,,,
2026-07-06,08:30,60,,11,Charging,,,,
2026-07-06,08:40,68,,13,Charging,,,,
2026-07-06,08:51,80,,15,Unplugged,,,,
2026-07-07,13:16,,,,Indoor Strength,53:43,"H10, Tempe","Off",
2026-07-07,13:17,61,4.018,,,,,,
2026-07-07,13:22,61,4.022,,,,,,
2026-07-07,13:27,61,4.015,,,,,,
2026-07-07,13:32,61,4.020,,,,,,
2026-07-07,13:37,61,4.018,,,,,,
2026-07-07,13:42,61,4.016,,,,,,
2026-07-07,13:47,61,4.010,,,,,,
2026-07-07,13:52,61,4.015,,,,,,
2026-07-07,13:57,61,4.008,,,,,,
2026-07-07,14:02,61,4.009,,,,,,
2026-07-10,15:51,44,,8,Charging,,,,
2026-07-10,16:12,64,,12,Charging,,,,
2026-07-10,16:53,95,,18,Unplugged,,,,
2026-07-15,13:17,,,,Track Run,29:07,"H10, Styrd, Tempe","All systems",
2026-07-15,13:18,61,3.925,,,,,,
2026-07-15,13:23,60,3.923,,,,,,
2026-07-15,13:28,60,3.913,,,,,,
2026-07-15,13:33,59,3.914,,,,,,
2026-07-15,13:38,59,3.908,,,,,,
2026-07-15,13:43,58,3.901,,,,,,
2026-07-20,08:46,17,,3,Charging,,,,
2026-07-20,09:07,36,,7,Charging,,,,
2026-07-20,09:32,60,,11,Charging,,,,
2026-07-20,09:55,81,,15,Unplugged,,,,
2026-07-21,16:45,75,,14,,,,,
2026-07-22,13:23,,,,Track Run,30:32,"Styrd, Tempe","All systems",
2026-07-22,13:25,69,4.016,,,,,,
2026-07-22,13:30,68,4.007,,,,,,
2026-07-22,13:35,68,4.004,,,,,,
2026-07-22,13:40,67,4.996,,,,,,
2026-07-22,13:45,67,4.000,,,,,,
2026-07-22,15:35,65,,12,,,,,
2026-07-23,13:14,,,,Track Run,34:18,"H10, Styrd, Tempe","All systems",
2026-07-23,13:15,58,3.901,,,,,,
2026-07-23,13:20,57,3.917,,,,,,
2026-07-23,13:25,57,3.907,,,,,,
2026-07-23,13:30,57,3.910,,,,,,
2026-07-23,13:35,56,3.901,,,,,,
2026-07-23,13:40,56,3.900,,,,,,
2026-07-23,13:45,55,3.898,,,,,,
2026-07-24,13:20,,,,Track Run,32:41,"H10, Styrd, Tempe","All systems",
2026-07-24,13:20,48,3.836,,,,,,
2026-07-24,13:25,47,3.838,,,,,,
2026-07-24,13:30,47,3.838,,,,,,
2026-07-24,13:35,46,3.832,,,,,,
2026-07-24,13:40,46,3.836,,,,,,
2026-07-24,13:45,45,3.830,,,,,,
2026-07-24,13:50,45,3.828,,,,,,
2026-07-24,13:55,44,3.829,,,,,,
2026-07-27,11:56,16,,3,Charging,,,,
2026-07-27,12:10,28,,5,Charging,,,,
2026-07-27,12:15,32,,6,Charging,,,,
2026-07-27,12:32,49,,9,Charging,,,,
2026-07-27,12:50,65,,12,Unplugged,,,,
2026-07-27,13:15,,,,Indoor Strength,49:04,"H10, Tempe","Off",
2026-07-27,13:16,66,4.054,,,,,,
2026-07-27,13:21,66,4.038,,,,,,
2026-07-27,13:26,66,4.053,,,,,,
2026-07-27,13:36,65,4.051,,,,,,
2026-07-27,13:41,65,4.045,,,,,,
2026-07-27,13:51,65,4.045,,,,,,
2026-07-27,13:56,65,4.040,,,,,,
2026-07-27,14:01,65,4.040,,,,,,
2026-07-27,14:49,65,,12,Charging,,,,
2026-07-27,15:13,86,,16,Unplugged,,,,
2026-07-28,10:05,82,,16,,,,,
2026-07-28,13:23,,,,Track Run,28:16,"Tempe, H10, Styrd","All systems",
2026-07-28,13:24,81,4.161,,,,,,
2026-07-28,13:29,81,4.155,,,,,,
2026-07-28,13:34,80,4.148,,,,,,
2026-07-28,13:39,80,4.148,,,,,,
2026-07-28,13:44,80,4.146,,,,,,
2026-07-28,13:49,79,4.139,,,,,,
2026-07-29,13:21,,,,Track Run,31:23,"Tempe, H10, Styrd","All systems",
2026-07-29,13:24,71,4.048,,,,,,
2026-07-29,13:34,70,4.037,,,,,,
2026-07-29,13:44,69,4.021,,,,,,
2026-07-29,13:49,69,4.011,,,,,,
2026-07-30,08:33,60,,11,,,,,
2026-07-30,12:49,,,,Track Run,27:52,"H10, Styrd","All systems",
2026-07-30,12:54,58,3.912,,,,,,
2026-07-30,12:59,58,3.908,,,,,,
2026-07-30,13:04,57,3.906,,,,,,
2026-07-30,13:09,57,3.998,,,,,,
2026-07-30,13:14,56,3.993,,,,,,
2026-07-30,16:33,54,,10,,,,,
2026-07-31,07:23,50,,10,,,,,
2026-08-01,08:30,43,,8,,,,,
2026-08-03,08:15,22,,5,Charging,,,,
2026-08-03,09:33,88,,18,Unplugged,,,,
2026-08-05,11:33,76,,14,,,,,
2026-08-05,13:18,,,,Track Run,23:35,"Tempe, H10, Styrd","All systems",
2026-08-05,13:23,75,4.110,,,,,,
2026-08-05,13:28,75,4.196,,,,,,
2026-08-05,13:33,74,4.194,,,,,,
2026-08-05,13:38,74,4.196,,,,,,
2026-08-06,16:21,60,,11,,,,,
2026-08-06,13:18,,,,Track Run,37:12,"Tempe, H10, Styrd","All systems",
2026-08-06,13:18,64,3.972,,,,,,
2026-08-06,13:23,64,3.970,,,,,,
2026-08-06,13:28,63,3.966,,,,,,
2026-08-06,13:33,63,3.963,,,,,,
2026-08-06,13:38,62,3.963,,,,,,
2026-08-06,13:43,62,3.953,,,,,,
2026-08-06,13:48,61,3.953,,,,,,
2026-08-06,13:53,61,3.950,,,,,,
2026-08-07,08:09,56,,11,,,,,
2026-08-07,13:10,,,,Indoor Strength,45:22,"Tempe","Off",
2026-08-07,13:18,55,3.898,,,,,,
2026-08-07,13:23,55,3.896,,,,,,
2026-08-07,13:33,54,3.900,,,,,,
2026-08-07,13:38,54,3.899,,,,,,
2026-08-07,13:48,54,3.898,,,,,,
2026-08-07,13:53,54,3.890,,,,,,
2026-08-09,05:52,40,,8,,,,,
2026-08-09,05:54,,,,Run,40:15,"H10, Styrd, Tempe","All system Multi-band",
2026-08-09,05:58,39,3.791,,,,,,
2026-08-09,06:03,38,3.785,,,,,,
2026-08-09,06:08,38,3.776,,,,,,
2026-08-09,06:13,37,3.773,,,,,,
2026-08-09,06:18,36,3.767,,,,,,
2026-08-09,06:23,36,3.767,,,,,,
2026-08-09,06:28,35,3.756,,,,,,
2026-08-09,06:33,34,3.765,,,,,,
2026-08-09,06:36,34,,7,,,,,
2026-08-10,08:17,22,,4,Charging,,,,
2026-08-10,08:51,53,,10,Charging,,,,
2026-08-10,09:03,65,,12,Charging,,,,
2026-08-10,09:23,83,,16,Unplugged,,,,
2026-08-10,13:15,,,,Indoor Cardio,39:58,"H10, Tempe","Off",
2026-08-10,13:18,82,4.201,,,,,,
2026-08-10,13:23,81,4.191,,,,,,
2026-08-10,13:28,81,4.190,,,,,,
2026-08-10,13:33,81,4.186,,,,,,
2026-08-10,13:43,80,4.176,,,,,,
2026-08-10,13:48,80,4.171,,,,,,
2026-08-10,13:53,80,4.171,,,,,,
2026-08-10,16:51,78,,15,,,,,
2026-08-11,10:27,74,,14,,,,,
2026-08-11,13:23,,,,Run,34:23,"H10, Styrd, Tempe","All system Multi-band",
2026-08-11,13:23,73,4.064,,,,,,
2026-08-11,13:28,72,4.060,,,,,,
2026-08-11,13:33,71,4.051,,,,,,
2026-08-11,13:38,70,4.041,,,,,,
2026-08-11,13:43,70,4.033,,,,,,
2026-08-11,13:48,69,4.020,,,,,,
2026-08-11,13:53,68,4.000,,,,,,
2026-08-11,13:58,67,3.995,,,,,,
2026-08-12,07:32,59,,11,,,,,
2026-08-12,13:13,,,,Indoor Strength,51:12,"H10, Tempe","Off",
2026-08-12,13:18,58,3.928,,,,,,
2026-08-12,13:23,57,3.933,,,,,,
2026-08-12,13:28,57,3.926,,,,,,
2026-08-12,13:38,57,3.932,,,,,,
2026-08-12,13:43,57,3.923,,,,,,
2026-08-12,13:48,57,3.929,,,,,,
2026-08-12,13:53,57,3.928,,,,,,
2026-08-12,14:03,57,3.926,,,,,,
2026-08-12,15:10,55,,11,,,,,
2026-08-13,07:56,51,,10,,,,,
2026-08-13,11:07,50,,10,,,,,
2026-08-13,13:10,,,,Track Run,40:02,"Tempe, H10, Styrd","All systems",
2026-08-13,13:13,49,3.862,,,,,,
2026-08-13,13:18,48,3.860,,,,,,
2026-08-13,13:23,48,3.856,,,,,,
2026-08-13,13:28,47,3.847,,,,,,
2026-08-13,13:33,47,3.835,,,,,,
2026-08-13,13:38,47,3.840,,,,,,
2026-08-13,13:43,46,3.840,,,,,,
2026-08-13,13:48,46,3.840,,,,,,
2026-08-13,13:53,45,3.834,,,,,,
2026-08-13,15:22,44,,8,,,,,
2026-08-14,13:13,,,,Indoor Cardio,46:04,"H10","Off",
2026-08-14,13:13,37,3.801,,,,,,
2026-08-14,13:18,37,3.798,,,,,,
2026-08-14,13:23,36,3.801,,,,,,
2026-08-14,13:28,36,3.795,,,,,,
2026-08-14,13:33,36,3.791,,,,,,
2026-08-14,13:38,36,3.789,,,,,,
2026-08-14,13:43,36,3.788,,,,,,
2026-08-14,13:48,35,3.794,,,,,,
2026-08-14,13:53,35,3.786,,,,,,
2026-08-14,13:58,35,3.791,,,,,,
2026-08-14,16:05,33,,6,Charging,,,,
2026-08-14,16:18,46,,9,Charging,,,,
2026-08-14,16:34,60,,11,Charging,,,,
2026-08-14,16:51,76,,14,Charging,,,,
2026-08-14,16:55,80,,15,Unplugged,,,,
2026-08-17,09:34,60,,11,,,,,
2026-08-17,13:24,,,,Pool Swim,24:51,"HRM Pro, Tempe","Off",
2026-08-17,13:26,58,3.934,,,,,,
2026-08-17,13:31,58,3.933,,,,,,
2026-08-17,13:36,58,3.930,,,,,,
2026-08-17,13:41,57,3.923,,,,,,
2026-08-17,13:46,57,3.930,,,,,,
2026-08-18,09:16,52,,10,,,,,
2026-08-18,13:15,,,,Track Run,34:50,"Tempe, H10, Styrd","All systems",
2026-08-18,13:16,50,3.852,,,,,,
2026-08-18,13:21,49,3.848,,,,,,
2026-08-18,13:26,49,3.845,,,,,,
2026-08-18,13:31,48,3.843,,,,,,
2026-08-18,13:36,47,3.839,,,,,,
2026-08-18,13:41,47,3.833,,,,,,
2026-08-18,13:46,46,3.829,,,,,,
2026-08-18,13:51,46,3.829,,,,,,
2026-08-18,16:38,44,,8,,,,,
2026-08-19,07:40,40,,8,,,,,
2026-08-19,13:11,,,,Indoor Strength,58:33,"H10, Tempe","Off",
2026-08-19,13:16,37,3.808,,,,,,
2026-08-19,13:21,37,3.808,,,,,,
2026-08-19,13:26,37,3.808,,,,,,
2026-08-19,13:31,37,3.805,,,,,,
2026-08-19,13:36,37,3.809,,,,,,
2026-08-19,13:41,37,3.807,,,,,,
2026-08-19,13:46,36,3.803,,,,,,
2026-08-19,13:56,36,3.803,,,,,,
2026-08-19,14:01,36,3.802,,,,,,
2026-08-19,14:11,36,3.792,,,,,,
2026-08-20,08:51,27,,5,,,,,
2026-08-20,12:09,26,,5,,,,,
2026-08-20,13:17,,,,Track Run,35:29,"Tempe, H10, Styrd","All systems",
2026-08-20,13:21,25,3.742,,,,,,
2026-08-20,13:26,24,3.741,,,,,,
2026-08-20,13:31,24,3.741,,,,,,
2026-08-20,13:36,23,3.735,,,,,,
2026-08-20,13:41,23,3.734,,,,,,
2026-08-20,13:46,22,3.720,,,,,,
2026-08-20,13:51,22,3.718,,,,,,
2026-08-20,13:56,21,3.725,,,,,,
2026-08-20,15:14,20,,4,Charging,,,,
2026-08-20,15:34,39,,8,Charging,,,,
2026-08-20,15:56,59,,11,Charging,,,,
2026-08-20,16:34,89,,17,Unplugged,,,,
2026-08-21,08:50,86,,17,,,,,
2026-08-21,13:21,,,,Track Run,39:48,"Tempe, H10, Styrd","All systems",
2026-08-21,13:24,84,4.225,,,,,,
2026-08-21,13:29,84,4.219,,,,,,
2026-08-21,13:34,83,4.205,,,,,,
2026-08-21,13:39,83,4.208,,,,,,
2026-08-21,13:44,82,4.202,,,,,,
2026-08-21,13:49,82,4.197,,,,,,
2026-08-21,13:54,82,4.195,,,,,,
2026-08-21,15:16,80,,16,,,,,
2026-08-24,11:34,59,,11,,,,,
2026-08-25,13:15,,,,Track Run,34:13,"Tempe, H10, Styrd","All systems",
2026-08-26,10:42,40,,8,,,,,
2026-08-26,13:12,,,,Indoor Cardio,47:41,"Tempe, H10","Off",
2026-08-26,13:14,39,3.816,,Cardio,,,,T=27C
2026-08-26,13:24,39,3.806,,Cardio,,,,T=24C
2026-08-26,13:29,38,3.800,,Cardio,,,,T=25C
2026-08-26,13:34,38,3.803,,Cardio,,,,T=25C
2026-08-26,13:39,38,3.800,,Cardio,,,,T=26C
2026-08-26,13:44,38,3.794,,Cardio,,,,T=25C
2026-08-26,13:49,37,3.806,,Cardio,,,,T=25C
2026-08-26,13:54,37,3.800,,Cardio,,,,T=25C
2026-08-26,15:10,22,,4,Charging,,,,
2026-08-26,15:40,50,,10,Charging,,,,
2026-08-26,15:54,63,,12,Charging,,,,
2026-08-26,16:36,92,,17,Unplugged,,,,
2026-08-27,13:13,,,,Indoor Cardio,45:46,"Tempe, H10","Off",
2026-08-27,13:14,25,3.746,,Cardio,,,,T=27C
2026-08-27,13:19,25,3.744,,Cardio,,,,T=26C
2026-08-27,13:24,25,3.738,,Cardio,,,,T=25C
2026-08-27,13:29,24,3.726,,Cardio,,,,T=24C
2026-08-27,13:34,24,3.743,,Cardio,,,,T=24C
2026-08-27,13:39,24,3.747,,Cardio,,,,T=24C
2026-08-27,13:44,24,3.744,,Cardio,,,,T=24C
2026-08-27,13:49,24,3.746,,Cardio,,,,T=25C
2026-08-31,13:10,,,,Indoor Strength,1:00:00,"Tempe, H10","Off",
2026-08-31,13:11,64,3.987,,Strength,,,,T=26C
2026-08-31,13:16,64,3.991,,Strength,,,,T=26C
2026-08-31,13:21,64,3.999,,Strength,,,,T=26C
2026-08-31,13:31,63,3.995,,Strength,,,,T=26C
2026-08-31,13:36,63,3.994,,Strength,,,,T=26C
2026-08-31,13:41,63,3.991,,Strength,,,,T=26C
2026-08-31,13:46,63,3.993,,Strength,,,,T=27C
2026-08-31,13:51,63,3.991,,Strength,,,,T=27C
2026-08-31,13:56,63,3.991,,Strength,,,,T=27C
2026-08-31,14:01,63,3.991,,Strength,,,,T=27C
2026-08-31,14:06,63,3.984,,Strength,,,,T=27C
2026-09-01,13:13,,,,Indoor Cardio,48:13,"Tempe, H10","Off",
2026-09-01,13:16,56,3.925,,Cardio,,,,T=26C
2026-09-01,13:26,56,3.920,,Cardio,,,,T=25C
2026-09-01,13:31,56,3.918,,Cardio,,,,T=24C
2026-09-01,13:41,55,3.915,,Cardio,,,,T=25C
2026-09-01,13:51,55,3.908,,Cardio,,,,T=26C
2026-09-01,13:56,55,3.912,,Cardio,,,,T=26C
2026-09-01,14:01,55,3.907,,Cardio,,,,T=26C
2026-09-02,13:09,,,,Track Run,46:54,"Tempe, H10, Styrd","All systems",
2026-09-02,13:17,47,3.848,,Track Run,,,,T=34C
2026-09-02,13:22,46,3.849,,Track Run,,,,T=34C
2026-09-02,13:32,45,3.832,,Track Run,,,,T=33C
2026-09-02,13:37,45,3.830,,Track Run,,,,T=33C
2026-09-02,13:42,44,3.831,,Track Run,,,,T=33C
2026-09-02,13:47,44,3.826,,Track Run,,,,T=33C
2026-09-02,13:52,44,3.826,,Track Run,,,,T=34C
2026-09-03,13:13,,,,Track Run,49:30,"Tempe, H10, Styrd","All systems",
2026-09-03,13:22,35,3.790,,Track Run,,,,T=31C
2026-09-03,13:27,35,3.783,,Track Run,,,,T=31C
2026-09-03,13:32,34,3.781,,Track Run,,,,T=32C
2026-09-03,13:42,33,3.771,,Track Run,,,,T=32C
2026-09-03,13:47,33,3.768,,Track Run,,,,T=32C
2026-09-03,13:52,32,3.759,,Track Run,,,,T=32C
2026-09-03,13:57,32,3.763,,Track Run,,,,T=32C
2026-09-03,14:02,31,3.759,,Track Run,,,,T=31C
2026-09-03,16:07,30,,6,,,,,
2026-09-03,16:07,30,,6,Charging,,,,
2026-09-03,16:24,45,,9,Charging,,,,
2026-09-03,16:43,62,,12,Charging,,,,
2026-09-03,16:52,70,,13,Unplugged,,,,
2026-09-04,07:47,65,,12,,,,,
2026-09-04,08:54,,,,Install Update,,,,"Install update v27.18"
2026-09-04,08:59,,,,Restart,,,,"Install update v27.18"
2026-09-04,09:01,64,,12,,,,,
2026-09-04,13:25,,,,Track Run,33:16,"Tempe, H10, Styrd","All-systems",
2026-09-04,13:30,61,3.961,,Track Run,,,,T=33C
2026-09-04,13:35,61,3.959,,Track Run,,,,T=33C
2026-09-04,13:40,61,3.955,,Track Run,,,,T=33C
2026-09-04,13:45,60,3.951,,Track Run,,,,T=33C
2026-09-04,13:50,60,3.946,,Track Run,,,,T=33C
2026-09-04,13:55,59,3.946,,Track Run,,,,T=33C
2026-09-04,14:00,59,3.938,,Track Run,,,,T=34C
2026-09-05,12:34,54,,10,,,,,
2026-09-07,06:10,42,,8,,,,,
2026-09-07,09:58,41,,8,,,,,
2026-09-07,13:27,,,,Pool Swim,24:07,"HRM Pro, Tempe",Off,from fixed/edited file
2026-09-07,13:30,39,3.815,,Pool Swim,,,,T=30C
2026-09-07,13:35,39,3.810,,Pool Swim,,,,T=29C
2026-09-07,13:40,39,3.811,,Pool Swim,,,,T=29C
2026-09-07,13:45,39,3.801,,Pool Swim,,,,T=30C
2026-09-07,15:58,37,,7,Charging,,,,
2026-09-07,17:51,86,,16,Unplugged,,,,
